"","Day","modColor","KEGGID_pathway","pathway.name","Num.genes.all","Num.genes.exp","Gene.IDs","Rich_factor","pvalue","log10_pvalue","qvalue"
"1","Day 0","brown","crg03010","Ribosome",122,27,"105319364/105332191/105344646/105348430/105335875/105346731/105347800/105337746/105318789/105339104/105332495/105330130/105333469/105321548/105347828/105342397/105328963/105338614/105331157/105324356/105340032/105340582/105325786/105347733/105319797/105337115/105318712",0.221311475409836,0.00000000000000548288221686296,14.2609910835194,0.000000000000409773302523443
"2","Day 0","brown","crg04142","Lysosome",195,19,"105340328/105341749/105320698/105338718/105331753/105346019/105332780/105328823/105349073/105330701/105347340/105339958/105349075/105342067/105348455/105339566/105318065/105335715/105332562",0.0974358974358974,0.0000549725294187386,4.25985427963737,0.0020542366256476
