"","Day","modColor","KEGGID_pathway","pathway.name","Num.genes.all","Num.genes.exp","Gene.IDs","Rich_factor","pvalue","log10_pvalue","qvalue"
"1","Day 0","magenta","crg03050","Proteasome",42,15,"105346045/105318105/105343011/105330688/105345336/105322792/105338045/105338316/105342563/105337951/105346718/105348466/105345779/105324879/105332852",0.357142857142857,0.00000017199109543491,6.76449403741565,0.0000197789759750147
"2","Day 0","magenta","crg00190","Oxidative phosphorylation",84,19,"105333576/105345750/105345808/105341248/105337089/105338659/105331743/105339285/105342980/105318622/105345448/105345691/105343349/105333395/105321678/105332217/105329525/105318218/105341238",0.226190476190476,0.0000107059055909104,4.9703765907235,0.000615589571477347
"3","Day 0","magenta","crg03013","Nucleocytoplasmic transport",95,19,"105324883/105330288/105330652/105331767/105338779/105327885/105339546/105320975/105341516/105338117/105322973/105324858/105337940/105318090/105340606/105346647/105320282/105318490/105346723",0.2,0.0000671320226521425,4.17307026755616,0.00257339420166546
