"","Day","modColor","KEGGID_pathway","pathway.name","Num.genes.all","Num.genes.exp","Gene.IDs","Rich_factor","pvalue","log10_pvalue","qvalue"
"1","Day 0","blue","crg03030","DNA replication",34,14,"105319440/105328785/105338480/105343069/105335846/105343172/105332688/105345205/105322124/105332020/105343752/105339341/105343856/105340418",0.411764705882353,0.0000341942334890658,4.46604712713201,0.00370737478881451
"2","Day 0","blue","crg00020","Citrate cycle (TCA cycle)",29,11,"105338798/105331349/105326362/105349203/105326324/105334926/105339502/105319941/105317497/105334026/105343888",0.379310344827586,0.000561509809236051,3.25064265247487,0.0152198711450824
"3","Day 0","blue","crg00620","Pyruvate metabolism",36,13,"105326193/105331349/105326362/105332855/105339502/105331942/105318570/105317497/105330868/105318496/105328485/105339623/105343888",0.361111111111111,0.000314952106567593,3.50175548251137,0.0119458236604954
"4","Day 0","blue","crg01210","2-Oxocarboxylic acid metabolism",28,10,"105338798/105331349/105349203/105326289/105334926/105339502/105317940/105317497/105330192/105334026",0.357142857142857,0.00171410517991861,2.76596253267142,0.0262003534489981
"5","Day 0","blue","crg00010","Glycolysis / Gluconeogenesis",46,14,"105326193/105332291/105330234/105336761/105331349/105318439/105330927/105322313/105339502/105317497/105330868/105318496/105343230/105322747",0.304347826086957,0.00134216189242438,2.87219509612974,0.0262003534489981
"6","Day 0","blue","crg01200","Carbon metabolism",107,27,"105344312/105337408/105325247/105332291/105338798/105338616/105338629/105331349/105326362/105349203/105326324/105335180/105328534/105330927/105322313/105334926/105339502/105319941/105334367/105317497/105330192/105330868/105318496/105334026/105339623/105322747/105343888",0.252336448598131,0.000330539780897203,3.48077626512095,0.0119458236604954
