"","Day","modColor","KEGGID_pathway","pathway.name","Num.genes.all","Num.genes.exp","Gene.IDs","Rich_factor","pvalue","log10_pvalue","qvalue"
"1","Day 0","green","crg03060","Protein export",30,8,"105336249/105323261/105333774/105347779/105320100/105329775/105325007/105341015",0.266666666666667,0.00105898489682462,2.97511023372868,0.0281467038366545
"2","Day 0","green","crg04141","Protein processing in endoplasmic reticulum",138,28,"105325010/105346349/105330141/105323261/105341388/105318855/105345989/105346838/105341221/105340372/105333774/105341095/105346120/105339435/105345701/105333050/105333673/105341091/105320203/105322692/105334234/105328488/105328588/105342784/105329748/105338795/105339057/105343566",0.202898550724638,0.000000447660455276675,6.34905126794323,0.0000475933747188886
"3","Day 0","green","crg03015","mRNA surveillance pathway",72,14,"105336239/105338838/105321652/105325000/105319209/105339845/105338678/105321021/105330886/105345875/105347393/105333261/105344597/105348755",0.194444444444444,0.000579670467975383,3.23681882473192,0.0205427078124609
"4","Day 0","green","crg03013","Nucleocytoplasmic transport",95,18,"105338838/105337096/105340881/105347624/105319209/105339039/105340039/105347897/105321021/105330886/105332566/105342784/105336642/105347350/105332258/105323093/105344597/105348755",0.189473684210526,0.000138376408751802,3.85893794472193,0.00735579857049054
